,0
Tlry,1
opportunity,1
squeeze,27
squeeze opportunity,1
best squeeze opportunity,1
else,1
Florida,2
cruise,4
win,3
Centers for Disease Control,4
sailor,3
cruises in Florida,1
sail on sailor,3
bag,2
dip,10
buy the dip,4
Cruise Industry,1
win vs CDC,2
big win,1
get big win,1
big win vs CDC,1
AMP,1
kind,1
triple,1
witching,1
triple witching,1
year,5
YOLO,18
BB,24
wish,23
wish YOLO,1
screenshot,3
papa,1
hello,3
hello papa,1
monday,6
Monday YOLO,2
wish Monday YOLO,2
like to $wish,4
market,16
team,2
company,17
market $wish,2
work for $wish,2
debt,4
dividend,5
Si,4
week,13
anticipated dividend,1
next week,2
due next week,1
ALLLL,1
solo,2
ALLLL day,1
YOLO solo,1
moon,43
EVOFEM,1
Monday____________________________________,1
ape,39
volume,4
$wish squeeze,1
extreme volume,1
wish squeeze,1
short seller,3
guy,15
mean guy,1
YOLO with solo,1
Colorado,1
strong,3
ape strong,1
TRCH,13
look at TRCH,1
investment,5
MLT investment OPORTUNITY,1
investment OPORTUNITY,1
robotics company,1
NASDAQ,3
TSLA,8
stock,53
tesla,3
alpha,2
AI,2
tesla stock,1
AI robotics company,1
seeking alpha,1
AI robotics company with FSD V9,1
robotics company with FSD V9,1
XSP,1
DD,16
carnival,2
carnival cruise,1
shorts,9
alternative,1
RH,1
alternatives to RH,1
target,4
any,1
target for hedgies imo,1
seem like a target,1
look at Carnival Cruise,1
tits up,1
delusion,1
counter,1
MOASS,3
DD to the MOASS,1
Desantis win,1
Desantis win vs CDC,1
window of opportunity,1
BIOCARTIS,1
BIOCARTIS window of opportunity,1
meme,17
Big Board,3
stock Wall Street,1
Elon,2
thanks,5
work,4
thanks Elon,1
honest work,2
monstrosity,1
Stillwater,1
advice,7
opinion,5
next stock,1
support the next stock,1
do a meme,1
American Motors,82
Russell,2
conspiracy,3
AMC conspiracy,1
PLTR,4
average down on PLTR,1
DKNG,3
retarded,2
retarded ape,1
no,5
GME,26
talk about TRCH,1
eater,2
novice,2
crayon,2
novice crayon eater,2
crayon eater,2
capital,1
Aptera,2
electric car,2
share,37
Aptera stock,1
investment capital,1
electric car company,1
y'all's thought,2
take outside investment capital,1
ITUB,1
Joe,4
degenerate,2
PORN,1
staff,1
loss PORN,1
electric car Aptera,1
SWBI,2
patience,3
SWBI tendies,1
thanks wsb,1
cat,1
dead,1
IWM,2
thought,13
thoughts on IWM,2
message,2
answer,2
flex on Citadel,1
WSB,7
mod,5
kill WSB,1
weed,4
TLRY,4
whole weed,1
TLRY vs SNDL,3
ATER,1
portfolio,3
hold,4
look for a stock,1
ATH,2
beautiful people,1
kid,2
smart,1
few,1
smart kid,1
$wish moon,1
wish moon,1
rough Week,1
hope $wish moon,1
United States of America,7
Canada,3
penny stock,2
US vs Canada,2
Iwm,1
IOU,1
Fed,1
money,22
institution,1
financial institution,2
stonk,5
reverse repo,1
banking institution,1
bag holding,1
scribble IOU,1
alright park,1
title error,1
big brother,1
coin,8
mean for coin,1
San Francisco,2
spot in San Francisco,2
bitch,2
DFV,1
ahíta del his bitch,1
make ahíta del his bitch,1
AEMD,1
boy,7
gain,15
girl,1
month,7
S&P 500,6
losses boy,1
SPX x100 futures,1
chase losses boy,1
weekend,5
enjoy the weekend,1
Geeez,1
Nokia,1
buy Nokia,1
TRCH squze,1
help AMC,1
price,25
Phexxi,2
product,3
cherry,1
DD stock price,1
product Phexxi,2
EVFM buy alert,3
cheap share,1
filled gap,1
National Securities Clearing Corporation,3
GSAT,1
casino,2
wager,1
retard,8
attention,3
Gme,9
short squeeze,20
look like a short squeeze,7
NSCC 2021-002 rule,1
pool,3
squeeze on dark pool,3
dark pool,3
bet,3
repayment,1
repayment time,1
bet repayment time,1
buy,8
manipulation,6
alert,4
manipulation great product,1
heavy manipulation,2
buy alert,2
great product,1
AMC NSCC rule 2021-002,1
NSCC rule 2021-002,1
rule 2021-002,1
great product Phexxi,1
wish to the moon,4
beginner,2
platform,2
Australian,1
beginner platform,1
Australian beginner platform,1
growth fund,1
spaceship,1
future,4
growth fund for the future,1
saving,7
savings to AMC,1
look like short squeeze,1
Hollywood,2
Recaf,1
ship,1
sink,1
look,6
green,2
shorts sink,1
$$ship$$ look,1
$$ look,1
$ship$$ look,1
let the shorts sink,1
momentum,1
gaining,1
NNDM ape,1
momentum NNDM ape,1
OG,2
wise,1
word,1
words from the OG,1
wise words from the OG,1
wise word,1
video,2
analysis,7
analysis video,1
technical analysis video,1
work on technical analysis video,1
shit,2
retarded shit,1
short squeeze on dark pool,1
tit,1
financial advice,3
feel,2
feels about right,1
music,2
boss music,2
Q2,2
$TSLA position,1
go into end of Q2,1
TSLA position,1
go into end,1
hold TRCH,1
NVDA,5
parent,1
noob,1
invest advice,1
bag of $TRCH,1
big bag of $TRCH,1
big bag,1
sure next week,1
long,2
long YOLO,1
bot,3
flair,1
suggestion,2
comment,4
tally,1
bot comment,1
couple suggestion,1
flair change,1
loss post tally,1
appreciate the work,1
completion,1
offer,1
ATM,1
GME ATM offer completion,1
ATM offer completion,1
offer completion,1
loss,5
AMC loss,1
spy,4
close YOLO,1
shares before close YOLO,1
EVgo,1
CLII,3
electric vehicle,3
charger,1
competitor,1
merger,4
CLII merger,1
charge company,1
only Ev,1
CLII merger with EVgo,1
merger with EVgo,1
buy and hold,4
WSB to the moon,1
Pinterest,4
pin,4
serious DD,2
ICPT,1
shot,1
bait,1
pattern,4
cup,1
bullish,3
wish in a bullish cup,1
handle pattern,1
bullish cup,1
working,1
wild,3
species,1
memory,1
survive in the wild,1
Pacoca.io,1
ICO,1
CafeSwap,1
OPTT,1
list,3
float,6
price action,1
tiny float,1
look at OPTT,1
take a look,2
fellow,2
BB bagholder,1
fellow BB bagholder,1
odds,1
chance,3
chance of a loss,1
god,2
life,5
life savings god,1
savings god,1
life savings,1
Robinhood,2
open up Robinhood,1
Bezos,1
thoughts on Bezos,1
clown,2
baba,1
x40,1
leverage,1
Bill,1
baba YOLO,1
YOLO with x40 leverage,1
Bawlin like Bill,1
crash,1
VIX,1
bet on the crash,1
buy into the VIX,1
pick the stock,1
ORPH,6
bear,6
ORPH bear,1
roadster,1
ten,1
part,1
ape roadster s,1
roadster s,1
fire escape,1
call,11
meme call,1
short,5
free,3
free stock,2
vacation,1
high,1
family vacation money,1
vacation money,1
shovel family vacation money,1
look at Robinhood,1
full YOLO,1
today,1
gain from today,1
Henry Ford,1
QNX,1
blackberry,2
hypervisor,1
infotainment,1
Electrical Control Unit,1
blackberry QNX hypervisor,1
design lab,1
media outlet,1
infotainment function,1
drop blackberry qnx,1
infotainment of the car,1
SUNRUN INC.,1
SUNRUN INC. target,1
day trading,1
day trading spy,1
month day trading spy,1
diamond,5
gorilla,2
token,4
gorilla diamond token,1
diamond token,1
sell,3
fucking,1
fucking sell,1
book,1
history,3
article,2
finance,4
history book,1
history books on finance,1
books on finance,1
Shiba Inu,3
quote,2
quote Shiba Inu,1
cyberattack,1
production,1
panic,1
event,1
halt,1
meat production facilities,1
country's exchange,1
thing happening,1
what-if scenario,1
ensuing panic,1
World Economic Forum,1
father,1
happy,1
fathers day,1
happy father,1
happy fathers day,1
citadel,5
media,4
shares of $CLNE,2
beloved $AMC,2
distract ape,1
oil,4
Et,1
oil man,1
$ET YOLO,1
ET YOLO,1
WKHS,10
WKHS to the Moon,1
hedge,2
years old,2
holding $BB,1
years old holding $BB,1
all there,1
go to the moon,5
catalyst,1
upcoming,1
$GME catalyst,1
GME catalyst,1
upcoming $GME catalyst,1
user,1
ETrade user,1
Las Vegas,5
Apecon,1
Apecon in Vegas,1
hold $BB,1
APECON,1
APECON in Vegas,1
option,14
AMC option,3
exercise AMC option,1
value,3
dollar,4
HTZ,1
inflation,2
way out,1
debt load,1
value of a dollar,1
debt company,1
value of currency,1
bear case,1
Hodl,1
YOLO GME,1
APEFEST,1
APEFEST in Vegas,1
QS,1
keep,1
stride,1
QS stock,1
massive stride,1
make massive stride,1
market cap,8
short interest,14
ORTEX,1
data,4
fuck,4
ORTEX data,1
market cap of WKHS,1
trading signal,1
financial advisor,2
fucking fraction,1
good thing,1
triangle,1
mean good things,1
orangutan,1
situation,2
savvy orangutan,1
potential squeeze,2
move piece,1
Ideanomics,1
Tm2 Metals,1
charging,1
metal,1
revenue,7
plan,3
wireless electric vehicle charging,1
Medici Motor Works news edit,1
silk EV,1
webinar Ideanomics,1
EV bike,1
technology metal,1
GTT,4
thoughts on GTT,2
do option,1
GME BB,3
Yahoo Finance App,1
dot,1
dots with option,1
connect the dot,1
good luck,3
Hellokitty,1
good luck Hellokitty,1
death,1
cross,1
death cross,1
death cross on BRK.B,1
cross on BRK.B,1
thousand,4
worth thousand,1
cannabis,1
burry,1
cannabis MSOs,1
US cannabis MSOs,1
long US cannabis MSOs,1
burry long US cannabis MSOs,1
support ape,1
CTXR,2
party,3
percent,2
liftoff,2
percent of the float,1
fucking percent,1
prepare for liftoff,1
fucking percent of the float,1
meme option,1
money on meme option,1
reverse split,2
General Electric,1
GE reverse split,1
holding,2
Aides,2
ride,5
fucking Pluto,1
ride to fucking Pluto,1
release,1
anticipated,1
most,1
Earnings,1
Earnings release,1
Earnings releases for the week,1
releases for the week,1
anticipated Earnings release,1
anticipated Earnings releases for the week,1
healthcare worker,1
CLOV,15
healthcare worker's opinion,1
account,3
app,5
cash,12
cash app account,1
app account,1
Point of Control,1
CZR,1
candle,2
ticker,4
name of the game,1
market cap ticker,1
hammer candle,1
battle with the Poc,1
volume profile,1
bearish market,1
best gain,1
foreclosure,1
housing,2
housing foreclosure,1
Wallstreetbets Starterpack,1
milly YOLO,1
hit a milly YOLO,1
standard,1
standard weekend,1
AMC hold,1
sexy ape,1
comeback,2
PLTR fuck,2
make a comeback,2
current position,2
know PLTR fuck,2
burger,1
Mcd,1
Mcd burger bois,1
burger bois,1
AMC holding,1
bad,1
bad time,1
CRPTO,1
ET-H,1
go on with CRPTO,1
moon shot,1
wait for moon shot,1
free fall,1
some,4
free fall sht,1
mean boys,1
Kingsburg,1
damn,1
damn hedgies,1
auto,1
exercise,1
expiration,1
fashion,1
ape fashion,1
accidental auto-exercise,1
auto-exercise at expiration,1
true ape fashion,1
accidental auto-exercise at expiration,1
counselor,1
put option,1
trading,7
think,1
trading put options,1
trading put options on think,1
put options on think,1
be in on $CLOV,1
growth,7
balance sheet,2
rate,2
income,2
Qtr,2
Qtr income rate,2
strong balance sheet,2
big growth,2
income rate,2
DD on $TRCH,1
CEO,2
cool,1
one,1
tactic,1
special dividend,1
encourage shorts,1
look cool,1
force shorts,1
sell an option,1
PHUN____,1
Sos,1
cash app,1
Stock Lending,1
turn off Stock Lending,1
pink,2
Lambo,2
pink Lambo,2
duality,1
man,1
duality of man,1
$ORPH stock analysis,1
ORPH stock analysis,1
stock analysis,1
CLOV short interest,1
Lambo to the moon,1
pink Lambo to the moon,1
MVIS,2
SQ____,1
dime,1
dime on 76ers,1
put a dime,1
$ORPH analysis,1
ORPH analysis,1
Nok,5
hat,1
tinfoil,1
RTX,1
NUE,1
THC,1
cosmos,1
tinfoil hat,1
THC to the fucking cosmos,1
fucking cosmos,1
karma,2
ZOM,1
$ZOM to the moon,1
ZOM to the moon,1
yah,1
DD for yah,1
bb,2
amc bb wish,1
bb wish,1
wait till Monday,1
TSLA loss,1
post,6
first,2
instructor,1
finance instructor,1
transfer,1
house,5
wire,1
wire transfer,1
wait for wire transfer,1
reason,2
get a reason,1
hedge fund,3
mortgage,1
Federal Reserve,1
housing market,1
real estate,1
shit mortgage bond,1
style mortgage,1
dollar stimulus,1
shitty mortgage,1
hello id,1
peek,1
weapon,1
war,4
upcoming war,1
Tilray,5
Lloyd Austin,1
man of the hour,1
Dem,2
warmongering,1
healthcare,1
buy buy buy,3
warmongering Dem,1
ticker symbol,1
tenet healthcare,1
White House,1
worthless opinion,1
Finance Classea,1
house to YOLO,1
house to YOLO into AMC,1
YOLO into AMC,1
chef,1
tattooed chef,1
play,4
Gaia,1
options play,1
Ge bullish options play,1
bullish options play,1
sat,1
Looked,1
target sat,1
short volume,2
price target sat,1
stock price target sat,1
Portland____,1
Portland,1
Hell,1
Hell stock,1
volatility,1
Australia,1
World Trade Organization,1
China,2
complaint,1
market volatility,1
China to WTO,1
file complaint,1
complaint against China,1
ratio,3
SATS,1
short interest data,2
shares change,2
current short volume,2
EchoStar,1
dollar volume,2
data current short volume,1
boart,1
Ltd,1
boart Longyear,1
shit post,1
Next Week;,1
dynamics,1
Top Pick,1
meme stock,7
funky dynamics,1
Top Pick for Next Week|,1
nvidia to the moon,1
shares buy buy buy,2
ok retard,2
buy buy,2
NEGG,1
giant,1
NewEgg,1
e-commerce,1
ecommerce giant,1
e-commerce giant,1
revenue growth,1
growth of Amazon,1
bill market cap,1
riddle,2
Workhorse group,1
silliness,1
$GTT stock,1
silliness of BB,1
GTT stock,1
beg for a short squeeze,2
newbie,1
insider trading,1
law,1
insider trading law,1
question about insider trading law,1
talk,2
gme talk,1
Market,1
profit,2
stonks drop in value,1
market quotation,1
buy-sell price,1
investment success,1
awesome quote,1
quote from Warren Buffett,1
business judgment,1
car rental,1
exploitation,1
budget,1
budget car rentals,1
exploitation by budget car rentals,1
elder exploitation,1
elder exploitation by budget car rentals,1
bonanza,1
absolute,1
shitshow bonanza,1
absolute shitshow bonanza,1
Luby,1
Luby's stock,1
breach,1
security breach,1
stock market,5
trend,1
bearish trend,1
Indian stock market,1
generation,1
amateur,1
life saving,3
generation of amateur,1
high-risk trading,1
silver,2
hell,1
research,5
futures market,1
physical,2
physical silver,2
hell out of silver,1
milk the hell,1
futures markets,1
dollar into silver,1
corsair,3
ASTS,1
monkey,1
buy oil,1
oil to the moon,1
BB squeeze,1
real BB squeeze,1
wait for the real BB squeeze,1
legalize weed,1
buy Tilray,1
stock price,4
target by short seller,1
manipulate the stock price,1
broker,5
Japan,1
citizen,1
decent broker,1
UK citizen,1
live in Japan,1
question,8
remember boy,1
brain,4
smooth brain,1
RKT to the moon,1
MGI,1
bull,1
breakout,2
flag,1
MGI bull,1
flag breakout,1
NUMI,1
ENB,3
weekend hodl,1
Citius Pharmaceuticals,1
Lang & Schwarz,1
University Officers' Training Corps,1
Germany,4
AMC,9
stock exchange,2
AMC trading,1
weekend OTC,1
OTC on Lang & Schwarz,1
weekend OTC on Lang & Schwarz,1
CLNE,7
YOLO CLNE,2
GAMESTOP,2
next,5
next GAMESTOP,1
mushroom,1
COVID-19,1
covid hole US,1
covid hole,1
hole US,1
wealth,1
lawsuit,1
cake,1
cake day baybeeee,1
day baybeeee,1
Borr,1
coming,1
email,1
order,2
jump,1
jump coming,1
big jump coming,1
Berlin,1
wild AMC,1
people,12
talk about GME,1
GME squeeze,1
vote,1
voter,1
AutoModerator,1
username,1
rule,2
bro,3
trader,1
vote voter,1
affirmative vote,1
AutoModerator rule,1
bros to the thread,1
Fraternal Association of Gambling Gentlemen and Yacht,1
countdown,1
launchpad,1
EVGo,2
GM,2
Biocartis Group,1
hospital,1
biomolecule,1
self,1
Biocartis Group NV BE0974281132,1
analyses of biomolecule,1
Idylla system,1
hugh credibility,1
SNDL,5
gut,1
giveaway,1
bnb giveaway,1
free bnb giveaway,1
AmmPower Corp.,1
buy AmmPower Corp.,1
movement,4
random,4
huge,5
movement on BSSP,4
random movement,4
huge random movement,4
random movement on BSSP,4
huge random movement on BSSP,4
PRIDE-a,1
marketing,1
LGBT,1
$PRIDE-a token,1
huge marketing,1
transactional fee,1
$PRIDE-a token for the LGBT,1
PRIDE-a token,1
seller,1
manipulate the price,1
real thing,1
real thing with $AMC,1
person,1
person on Wall Street,1
dumbest person on Wall Street,1
dumbest person,1
fee,2
buy share,2
trade app,1
make a fee,1
rani,1
apotheosis,1
glimpse,1
Indian,1
freedom,3
Ki,1
Jhansi Ki rani,1
freedom apotheosis,1
Ki rani,1
freedom apotheosis for Indian,1
apotheosis for Indian,1
fake,1
goods,1
abstraction,1
chill,1
number,2
material,1
material goods,1
fake shit,1
chill y'all,1
fucking chill,1
fake number,1
heading,1
EDR,1
warrior,1
$EDR heading,1
EDR heading,1
see $EDR heading,1
Buy AmmPower Corp.,2
truth,2
idiot,5
TENDIES,1
guys BAFOON,1
way to TENDIES,1
vip,2
ready,4
contract,3
contract on AMC,1
financial,1
financial freedom,1
Achieve financial freedom,1
WallStreetBets,2
SAFU,1
fund,1
YOLO roboto,1
lesson,1
epic squeeze,2
squeeze CLOV,1
get the epic squeeze,1
look up $ORPH,1
best broker,1
theta,3
good,3
ape good,1
LMAO,1
porn,4
forgiveness,1
acceptance,1
loss porn,2
seek forgiveness,1
come to acceptance,1
Sunrun,4
Morgan Stanley,2
institutional investor,1
equity analyst,1
roofs Sunrun,1
ape raid,1
EV sale,1
price target,2
Reading____,1
crystal ball,1
alternative energy,1
cause,1
WSB alternative energy,1
WSB alternative energy for a cause,1
alternative energy for a cause,1
kakapo,2
Gme gain,2
parrot the kakapo,2
original party,2
ing,2
statistics,1
AMC statistics,1
TF,1
gogo look,1
blow TF,1
game,1
over,2
overvalued time,2
TSLA's overvalued time,2
chart,3
look at the chart,1
over look at the chart,1
over look,1
scalp,1
DogeUsd,1
power,1
DogeUsd power scalp,1
power scalp,1
advantage,2
India,1
ban,4
$wish advantage,2
Chinese app,2
ban on Aliexpress,1
wish advantage,2
intrusive Chinese app,1
LKCO,1
big,4
big thing,1
next big thing,1
Reddit,5
subpoena,1
source,1
bans under Biden order,1
face subpoena,1
good ape,2
Valereum,1
big boys,2
fucking hold,1
bring for GME,1
technical,2
GME to the moon,1
technical man,1
technical world,1
live in a technical world,1
phase,2
overvalued phase,2
TSLA's time,2
Disney,2
AMC at Disney,2
room,1
Battle Station,1
trading room,1
$TSLA's time,1
Pearl,1
undiscovered,1
square $SQ,1
play with meme stock,1
brainer ToTheMoon,2
Zack,1
award,1
job,1
job Zack,1
deserve an award,1
great job Zack,1
VIAC,1
buy $VIAC,1
sinncab6,1
buck,1
management,1
lot,1
Amazon,3
store management platform,1
extraordinary growth,1
management platform,1
company's model,1
lot for the future,1
Jeff Bezos,2
behalf,1
office,2
mods to Jeff Bezos office,1
send the mod,1
mods to Jeff Bezos,1
send the mods to Jeff Bezos,1
despise the hedge,1
say F-it,1
excitement,1
Ford Motor Company,4
earnings,5
excitement around lightning,1
pre order,1
earnings call,1
increase excitement,1
expect Q2,1
Gain Porn,1
SOB,1
SOB AMC,1
crazy SOB AMC,1
Tal,1
Orphazyme,3
development,2
apes thought,1
bump post earnings,1
want ape thought,1
increased attention,1
thoughts on 8/20 16c,1
commodity,1
mention,2
trade commodity,1
shout-out,1
impression,1
make an impression,1
truck stop,1
baby,2
gooooooooooo AMC,1
pilot truck stop,1
gooooooooooo AMC to Pluto baby,1
AMC to Pluto baby,1
Pluto baby,1
market manipulation,2
brain hodl,2
AMC to the moon,2
white house,2
market manipulation by the media,2
NKLA stock,1
recent week,1
double in recent week,1
$AMC gain porn,1
AMC gain porn,1
gain porn,2
DeSantis,1
Victory,1
industry,3
Florida's cruise industry,1
win major Victory,1
cruise industry,1
covered call,3
CLOV call,1
stupid CLOV,1
poor man's covered calls,1
see CLOV,1
last,1
video game company,1
go to last,1
relate to video game company,1
Hedgie,1
million,2
lose million,1
enough,1
boy share,1
shares of amc or gme,1
big boy share,1
money for big boy share,1
big boy shares of amc or gme,1
Ev,1
Moderna,1
QuantumScape,1
Ev battery,1
Moderna of Ev battery,1
Gooo,1
hex,2
torn,1
torn price,1
Mordena,1
expert,1
employee,1
Mordena executive,1
Mordena of EV Battery,1
data of the vaccine,1
incomplete data,1
sell the share,1
Aurora,2
peer,2
valuation,1
compare to peer,1
genetic company,1
best genetic company,1
two FB share,1
FB share,2
have two FB share,1
gene therapy,4
SIO,4
GEM,5
SIO gene therapies,4
submission,1
self-promotion,1
advertising,1
YOLO screenshot,1
screenshot of position,1
WSB rule,1
text submission,1
begging come,1
no-no content WSB,1
honest,1
net income,2
merchant,2
PrestaShop,1
expense,1
margin,1
page,1
PrestaShop merchant,1
PrestaShop platform,1
net income margin,1
gaap net income,1
admin expense,1
wish landing page link,1
member,2
WSB member,1
Trch,7
Gordon Haskett,1
run-up,1
say after run-up,1
investor,8
help,2
retail investor,3
help with ORPH,1
need help,1
TSM,2
go for TSM,1
winner,2
for sure,1
next Amazon,1
trading for astronomical number,1
astronomical number,1
douche,1
fu,1
TESLA,2
Micheal Burry,3
TESLA to the Moon,2
buy TESLA,2
startup,1
episode,1
episode 8,1
episode 8 of startup,1
season 2 episode 8,1
shortage,2
ticket,1
basis,1
seriousness,1
shepherd,1
semiconductor shortage,1
first class ticket,1
automotive industry,1
daily basis,1
first class,1
Wal-Mart,1
YOLO Walmart,1
short percent,1
tesla to the Moon,1
buy tesla,1
question amc,1
opening,1
long term,2
short term,2
long term winner,1
win situation,1
potential long term winner,1
short term potential long term winner,1
surge,1
Shibu,1
Shibu surge,1
photo,4
proof,1
$AMC ape gain porn,1
AMC ape gain porn,1
proof of position,1
ape gain porn,1
sell covered calls,2
operating income,1
Aurora market cap,1
canopy market cap,1
Price to Sales,1
Aurora net income,1
sundial Aurora,1
update,3
$ride YOLO update,1
ride YOLO update,1
post loss,1
YOLO update,1
head into Lordstown Week,1
deal,3
CCIV,1
rumor,1
news,8
CCIV x,1
x lucid deal,1
rumor to 0,1
hold the rumor,1
buy the news,1
YOLO'ing,1
tweet,4
stock before YOLO'ing,1
sequel,1
movie,3
video game,1
meaning,1
same time,1
squeeze incoming elonmusk,1
squeeze same time,1
incoming elonmusk,1
new penny,1
new penny stock,1
Fam,1
NSAVAGES,1
NFA,1
DD NFA,1
FUD,3
town,2
friend,7
good luck Citadel,1
tendie town,1
fill Reddit,1
United Kingdom,2
Salford,2
terrible photo,2
beautiful idiot,4
SoFi,1
SoFi ready,1
borrow fee,1
ready for a short squeeze,1
possible,1
Hoooooooodl Whatever,1
get ape,1
Goldman Sachs,1
Goldman Sachs research,1
retro,1
Amc,1
financial system,1
short-selling,1
illegal short-selling,1
Manchester Utd Stadium,2
NVDA 4:1,2
access,1
website,1
access to website,1
$AMC gain,1
o diamond,1
AMC gain,1
hospitality,1
Ashford hospitality,1
andMEME,1
short interest in a week,1
help the stock,1
mistake,1
all,3
make mistake,1
NAKD,2
stock split,2
share price,2
common shares,1
NVDA stock,1
company's share,1
long-term investment,1
participate in the stock split,1
NAKD stock,1
ease,1
dollar ease inflation,1
ease inflation,1
bet on the dollar ease inflation,1
can a bet,1
can a bet on the dollar ease inflation,1
mind,2
medicine,1
mind medicine,1
like the stock,1
interested,2
steel,1
X steel stock,1
steel stock,1
Wifey,1
Wifey for life,1
HMBL,1
trade,3
discord,1
people's trade,1
ask for a friend,1
icon,1
attempt,2
attitude,1
crowd,1
behavior,1
market icon,1
WSB crowd,1
two-faced behavior,1
money manager,1
Bear Stearns,1
mode,1
hacking,1
email address,1
hacking service,1
legit hacking service,1
contact via the email address,1
need legit hacking service,1
AHT,3
bell,1
great,1
great bet,1
methane,1
consistency,1
ownership,2
institutional ownership,1
stock for the past year,1
goo,1
next thing,1
do a reverse split,1
time high,1
let goo,1
WKHS on the news,1
think about $ride,1
ARM,1
NVIDIA Corporation,3
creep,1
deal meeting timeline,1
NVIDIA target,1
price creep,1
ARM deal,1
ETF,1
gift card,1
Sam,2
club gift card,1
sale,2
people buy and hold meme,1
so many people buy and hold meme,1
buy and hold meme,1
caravan,3
realistic,1
realistic NVIDIA,1
CRM,1
Salesforce,1
Salesforce $CRM,1
great investment,1
upside,3
consumer demand,1
meaning Sunrun,1
upside potential,1
$RUN DD,1
Morgan Stanley analyst,1
clean energy stock,1
go,1
Novavax Let,1
Novavax Let's go,1
shill,1
conversation,2
real conversation,1
GBT,1
rocket ship,1
GBT rocket ship,1
Pyr,1
corner,1
dad,1
left corner,1
American dad,1
top left corner,1
look American dad,1
dad top left corner,1
Crypro,1
gold rush,1
Crypro coin,1
call gold rush,1
poor,1
gas,1
Charif Souki,1
gas market,1
thanks WSB,1
scourge of short-sellers,1
Canoo,2
shirt,1
Dem shirt,1
Atleast,1
CLOV to Atleast 100,1
get CLOV,1
Atleast 100,1
army,4
AMC Army,1
power up AMC Army,1
give upvotes,1
buy meme stock,1
put,7
short covering,1
market maker,4
cost,1
shortage of cash,1
brokers due to short coverings,1
open put,1
last week,1
atom,1
real value,1
shareholder,3
Investor Day,1
VDL Nedcar,1
EV ecosystem,1
manufacturing deal,1
lifestyle vehicle,1
car manufacturing,1
automotive company,1
sky,2
only sky,2
shares of BBRW,2
dear friend,2
whole company,2
own the whole company,2
retirement,2
YOLO club,2
join the YOLO club,2
FCKIN,1
EVFM,1
selling,2
space selling,1
HODL,2
low,1
let go ape,1
buy low,1
CMCSA,1
strike,2
premium,4
strike AMC,1
cash problem,2
AMC open put,1
cash problem for broker,1
problem for broker,1
option premium,1
AMC options premiums,1
sub,2
limit,1
question on limit,1
have a question,3
low karma,1
subs due to low karma,1
problem,1
put sell,1
cash problem for mm,1
problem for mm,1
ST,1
threat,1
ST threat,1
ChargePoint Holdings Inc.,2
CHPT,2
drip,1
drip to the Moon,1
MT,1
name,1
DLNG call,1
call bc,1
go to moon,2
like the name,1
buy DLNG call,1
GME share,1
buy GME share,1
Ppump,1
DKNG call,1
JPM call,1
buy DKNG call,1
Shib,2
Shib coin,1
everyone,1
Shiba,4
killer,1
Shiba coin,2
everyones opinion,1
opinion on the dogecoinn killer,1
dogecoinn killer,1
everyones opinion on the dogecoinn killer,1
Shib cooooooin,1
glass,1
AAPL call,1
YOLO on AAPL call,1
$BB earnings,1
BB earnings,3
Soooo,1
Whats,1
big stonk,1
next big stonk,1
pharma,2
Athira,2
big opertunity,1
Athira pharma big opertunity,1
pharma big opertunity,1
gem,1
golden opportunity,2
Athira pharma golden opportunity,1
pharma golden opportunity,2
naked,1
PALATIN,1
deep pocket,1
ATHIRA,1
finest,1
drop,1
unjustified,1
ATHIRA pharma golden opportunity,1
great news,1
drop in price,1
unjustified drop,1
IDEX,1
get in on IDEX,1
paperhanded retard,1
memestocks such as AMC,1
financial entity,1
battery,1
motor vehicle,1
good company,3
solid plan,1
Atlis motor vehicles,1
look like the battery,1
have a solid plan,1
short GME,1
boomer,1
Kano,1
profit of boomer,1
clove,1
must,1
ad,3
hilarious,1
pic,1
yesterday,1
candle from yesterday,1
snap a pic,1
red candle,1
giant red candle,1
red candle from yesterday,1
dinero,1
risk,1
lil Fomo,1
favorite stonko,1
have a lil Fomo,1
decoy,2
horizon,2
$Mmatf squeeze on the horizon,2
$Mmatf squeeze,2
Mmatf squeeze on the horizon,2
squeeze on the horizon,2
Mmatf squeeze,1
frankfurt,1
buy and hold frankfurt germany,1
frankfurt germany,1
fella,1
little fella,1
check WSB,1
SGBX,1
"World Wrestling Entertainment, Inc.",2
accounting,1
owner,1
short interest after accounting,1
buyer,1
Prestashop,1
call option,3
reward ratio,2
buyers side,1
hight volume,1
half retard,1
MNKD,1
strike price,2
$BLDP open put,2
run out of cash,2
secure put,1
$AMC $VXRT,2
bearish next week,2
Scyx,1
put 6/18,1
undervalued fish for short term,1
undervalued fish,2
fish for short term,1
alcohol,1
September,1
September call,1
TLDR- alcohol,1
current analyst,1
post button,1
Nielsen scanner data documents gains for $Sam,1
consensus estimate,1
mystery,1
mystery sell,1
buy the mystery sell,1
Mars,1
go to Mars,1
tired,1
sum,1
investing,1
investing sum,1
small investing sum,1
CRSR,2
downturn,1
fish,1
market cap multiplier,1
market downturn,1
lowered debt,1
Vengeance memory modules,1
Saigon,1
buy CLNE,1
CLNE before ITS,1
avatar,1
button,1
customize avatar,1
marketing campaign,1
influencer,1
transaction,1
celebrity influencer,1
massive marketing campaign,1
famous celebrity influencer,1
PRE-SALE on DXSALE,1
hold $MechaDoge,1
bubble,1
wrinkle brain,1
L-Bond bubble,1
bust,1
potential,5
potential for growth,1
huge potential,1
have huge potential,1
huge potential for growth,1
have huge potential for growth,1
WWE short interest,1
dream,1
have a dream,1
see the future,1
SPCE,4
taxi,1
Richard Branson,1
scientist,1
Blue Balls Bezos,1
SPCE hope,1
taxi service,1
daddy Tyson,1
taxi cab,1
R&D expense,1
SNFCA,1
pandemic,1
pandemic $SNFCA,1
post-pandemic $SNFCA,1
amc sell,1
space,1
Ape,1
space Ape,1
think like a space Ape,1
Si ready,1
ready for the Moon,1
gold mine,1
potential gold mine,1
let,1
jump on physical silver,1
MMAT,1
$MMAT merger,1
MMAT merger,1
Ortex,2
accord to Ortex,3
Ortex as of 6/18,1
current float,1
Si of current float,1
moon on monday,1
on sale,1
infringement,1
Google,2
billion,1
patent,1
patent infringement,1
year patent infringement,1
patent infringement battle,1
Netlist vs Google,1
infringement battle,1
dude,1
Denver,1
dude at a bar,1
technology,2
zebra,1
zebra technology,1
ARKK,1
trailer,1
fellowship,1
fellowship of the ARKK,1
TTTTIIIIMMMMMEEEE,1
phone,1
Ray,1
XX,1
buddy,1
Robin Hood,1
buddy Ray,1
morning poo,1
mentions of stonk,1
weekend retard,1
RKT,1
UWMC,1
textbook,1
position for a textbook,1
squeeze next week,1
loving,1
loving you.mp4,1
Squeeze____,2
Michael Burrys,3
latest tweet,3
views on Michael Burrys,2
ugly,1
TRUE YOLO,1
views on a Michael Burrys,1
motivation,2
Strong,1
ape Strong,1
moon buy,1
little motivation,1
town AMC,1
true YOLO,2
money after the MOASS,1
Ministry of Defence,1
Mod bot,1
visual Mod bot,1
shorting,3
The Market,2
yes,2
market trading,1
yes The Market,2
naked shorting,3
off the market trading,1
covering naked shorting,1
spyware,1
Goldfart,1
thief,1
justice,2
bundled spyware,1
ransomware blind justice,1
seek bundled spyware,1
Everything Short DD,1
GME gain,1
Short Squeeze We,1
support,2
fool,1
support Let,1
topic,1
regard the stock market,1
docu about naked shorting,1
can the SEC,1
RCON,1
bullshitRIGHT,1
citadel manipulation,2
citadel manipulation vs ape,1
manipulation vs ape,1
bio,1
tetra,1
science,1
tetra bio,1
real science,1
real result,1
citadel manipulation vs apes patience,1
apes patience,1
manipulation vs apes patience,1
intention,1
retard in April,1
full retard,1
full retard in April,1
Ford,1
buy Ford,1
fear,1
real,1
real fear,1
hand,4
OTM FD,1
OTM call options,1
couple options rule,1
diamond hand,2
theta gang,1
week retard,1
feedback,1
need feedback,1
ther AMC squeeze,1
AMC squeeze,1
insight,1
noob question,1
day volume,1
free float,1
daily volume,1
gme stock,1
sndl call,1
buy gme stock,1
reddit,2
infidel,1
bail,1
forum,1
overrun,1
time to bail,1
sense a YOLO,1
Trch shorts,1
torch,2
torch decoy,1
SABR,2
oooold FB share,1
next bro,1
share per trade,1
buy WKHS,1
ITER,1
magnet,1
decade,1
fusion,1
energy,1
design,1
fabrication,1
fusion energy Project,1
decade of design,1
energy Project,1
ITER global fusion energy Project,1
global fusion energy Project,1
edit,2
cure,2
gene,1
EDIT-101,1
therapeutics,1
editing platform,1
edit technology,1
gene editing platform,1
short interest in share,1
cure Parkinson's,1
judge,1
travel,1
travel stock,1
regulate cruise,1
tunnel,1
Elon Musk,1
Boring Company,1
cargo,1
wide,1
wider tunnel,1
cargo wider tunnel,1
transport cargo,1
pitch wider tunnel,1
Utah,1
incident,1
childhood,1
photo incident,1
normal ape,1
send a message,1
cheerlead photo incident,1
regulator,1
promoter,1
The Financial Times,1
age,1
stock trading,1
force promoter,1
digital age,1
Pp-and-dp stock trading,1
rules for the digital age,1
share of WKHS,1
RECAF,2
start,2
start of the year,2
savings in $RECAF,1
invest at the start of the year,2
invest at the start,2
RIII,1
bagger,1
same alert,1
squeeze alert,1
spot in Vegas,1
thoughts on Trch,1
June,2
CLOV June breakout,1
AMC feb breakout,1
June breakout,1
feb breakout,1
classic,1
classic play,1
Bank of America,1
Bank of America stock,1
good dip,1
have a good dip,1
Germany hold line.nice,1
hold line.nice,1
OOF,2
manager,1
ac,1
contact,1
contact with the manager,1
get in contact,1
serious,1
serious question,1
everyday,1
wether,1
awareness,1
a lot of,1
a lot of people,1
thousands of dollars everyday,1
awareness on wether,1
bring awareness,1
dollars everyday,1
excellence,1
grower,1
making,1
$ SNDL growers excellence,1
$ SNDL growers excellence in the making,1
SNDL growers excellence,1
growers excellence,1
SNDL growers excellence in the making,1
mindset,1
fed,1
feds mindset,1
SHIB,1
exit strategy,1
cinema,1
cinemas exit strategy,1
spare cinemas exit strategy,1
template,1
meme template,1
better place,1
think of a better place,1
Phoenix,1
Texas,1
housing price,1
desalination industry,1
electricity shortage,1
housing in the NW,1
investment idea,1
housing value,1
hope,3
hopes for rise,1
reasonable doubt,2
hopes for SNDL,2
Charles Payne,1
CNBC,2
Editas Theraputics,1
RMO,1
manufacturer,1
Paccar,1
Heritage,1
Lion Electric,1
battery manufacturer,1
wife's boyfriend,2
EV battery manufacturer,1
clients including Paccar,1
IPOF,1
iPod,1
IPOD investor,1
Father's Day,1
holiday,1
Juneteenth,1
descendant,1
slave,1
slave holiday,1
slave descendant,1
day before Father's Day,1
create for people,1
real father,1
wen,3
Schwifty,1
get Schwifty,1
fox,1
business,1
fox business,1
setup,1
beginner account,1
Seen,1
Cal,1
moon Seen,1
OEG,1
squeeze $OEG,1
youtube,1
YouTube ad,1
use YouTube,1
try YouTube ad,1
well uhhhhhhhhhhh,1
AHT to the moon,1
prove beyond reasonable doubt,1
weekly,1
weekly call,1
company RECAF,1
money 150-200x,1
good money 150-200x,1
timeline,1
date,1
GME timeline,1
lowest price,1
timeline with lowest price,1
$AHT to the Moon,1
AHT to the Moon,1
Donald Trump,1
loyalist,1
forecast,3
short the market,1
Webulls,1
tab,1
discussion,4
Webulls discussion tab,1
discussion tab,1
interesting post,1
operating system,1
blackberry explosive growth,1
operating system for electric vehicles,1
explosive growth,1
Nvidia,1
boyfriend,1
wife,2
think about RMO,1
ass,1
ass token,1
nice ass token,1
truck,1
monr6soon,1
Ford Treated,1
duty,1
maverick,1
duty truck,1
print monr6soon,1
super duty truck,1
best ticker,1
wedge,3
wedge pattern,2
break out to the upside,2
wedge pattern on DOGEUSD,1
pattern on DOGEUSD,1
moonshot,1
next moonshot,1
intern,2
AMC BB,2
dumb,1
dumbest question,1
have the dumbest question,1
survey,1
link,1
survey link,1
ThyssenKrupp________,1
picture,1
pictures of burning money,1
take picture,1
burning money,1
take pictures of burning money,1
friends family,1
$orph stock,1
orph stock,1
buy $orph stock,1
easy money,1
calls for spy,1
calls for spy on Monday,1
have a feeling,1
spy on Monday,1
will moon,1
SPXL,1
correlation,1
correction,1
$SPXL correlation,1
incoming correction,1
SPXL correlation,1
economy,1
a lot of sht stonk DD,1
meme DD,1
$baba DD,1
hype video,1
AI DD,1
bag holder DD,1
meme triangle,1
autism,2
quiz,1
quiz answer,1
fake quiz answer,1
sick,1
sick t,1
ban from WSB,1
attic,1
canvas,1
unfinished attic,1
attic into an office,1
convert an unfinished attic,1
unfinished attic into an office,1
do on weekend,1
forint,2
hungarian forint,2
have a potential,2
need an opinion,1
ATHA,1
ATHA analysis,1
mixed,1
feels around wsb,1
mixed feel,1
mixed feels around wsb,1
ICP,1
look into ICP,1
stuff,1
u guy,1
stock rn,1
growth of the company,1
buy stock rn,1
support the growth of the company,1
$MVIS technical analysis,1
MVIS technical analysis,1
technical analysis,2
roleplaying,1
roleplaying friend,1
Pepsi,1
Coke,1
popcorn,1
fan base,1
sell trash ass Pepsi,1
Coke good,1
Pepsi sign,1
Pepsi cup,1
popcorn good,1
Pepsi in the US,1
Cocked,1
UONE,1
$UONE- Cocked ready,1
UONE- Cocked ready,1
hard POP,1
Cocked ready,1
feeling,1
gorilla army,1
talk with the bartender abt,1
great talk,1
mimic the feeling,1
support the movement,1
dog,2
holding dog,1
perk,1
driver,1
Nio driver,1
true potential,1
truth on Nios BaaS,1
perk for Nio driver,1
Nios BaaS,1
frozen food,1
increase,1
place,1
top frozen foods,1
short stock,1
sales in place,1
see an increase,1
be among the top frozen foods,1
crater,1
ride to the moon,1
swoon,1
June swoon,1
liquidity,1
Poocoin,1
launch,1
Poocoin chart,1
fair launch,1
BSC scan,1
Pancakeswap V2,1
RFP,1
discount,1
good value,1
trade at a discount,1
have insanely good value,1
call on CLNE,1
discuss thanks,1
line,1
support line,1
line on the S&P 500,1
month support line,1
support line on the S&P 500,1
month support line on the S&P 500,1
outcome,1
MMNFF,1
MMNFF likely outcome,1
complete loss,1
likely outcome,1
screen shot,1
baby ape,1
comes,1
fast and furious,1
NFT,1
BORNBADBOYS,1
CRYPTOPUNK NFT BORNBADBOYS,1
NFT BORNBADBOYS,1
next CRYPTOPUNK NFT BORNBADBOYS,1
preliminary,1
disclaimer,1
tax treatment,1
X stock,1
market alternative,1
tax advisor,1
preliminary analysis,1
semi-professional DD-writer,1
state tax treatment,1
dogshit DD,1
executive,1
AMC executive,1
use Reddit,1
make million,1
SPAC,2
$CLOV army,2
SPAC market,2
CLOV army,2
spread FUD,2
crash the SPAC market,2
holder,2
wish holder,1
Magnachip,2
-like DD,2
$Mx Magnachip god,1
god-like DD,1
Mx Magnachip god,1
Magnachip god,1
something,4
Boeing Company,1
flight,1
successful 737-10,1
complete successful 737-10,1
expected dividend,1
squeeze on Monday,1
possible short squeeze,1
short squeeze on Monday,1
JPMorgan,1
flow,1
pace,1
past month,1
be on pace,1
Apes Jungle,1
Apes Jungle play,1
SAFEMOON,1
Peacock,1
watch history,1
current price,1
MX,1
investigation,1
order book,1
CIFUS,1
$MX Magnachip god,1
CFIUS investigation,1
semiconductor company,1
a lot of share,1
tute ownership,1
tute share,1
include tute ownership,1
include tute share,1
legend,1
SUNRUN,3
bear meme,1
good bear meme,1
make a good bear meme,1
pre-market,1
week Get,1
All Time,2
Toronto,2
spot in Toronto,2
hot stock,1
hottest stock after AMC,1
PoP,2
edition,1
ET edition,1
make money,2
stick,1
hot,2
meme stick,1
Darren Saunders,2
street,2
dozen,2
wall,1
voice,1
OG ape,2
wall street,2
dirty dozen,2
HODLing for Darren Saunders,1
street dirty dozen,1
banana,1
SUNRUN banana,1
hold SUNRUN banana,1
conspiracy theorist,1
PhD,1
shenanigan,1
image,1
ceos PhD research work,1
research the ceos PhD research work,1
research work for altered image,1
PhD research work,1
work for altered image,1
statue,1
JPow,1
statue of JPow,1
hold up the market,1
Blackrock,1
money edit,1
GME bagholders,1
height of GME,1
glorious retard,1
tin hat,1
riding,1
full disclosure,1
fucking riding,1
cryptocurrency,1
@nytimes,1
CLOV $AMC,1
AMCARMY ShiberusArmy SHIB,1
stonks NakedShorts HowYouLikeThat,1
$TSLA @nytimes,1
$spy $Nok,1
Sun,1
British Columbia,1
cancer,1
fight,1
cure for cancer,1
develop a cure,1
cavalry,1
join the cavalry,1
ride $WKHS,1
unwarranted,1
look at $atha,1
savage a good company,1
dive,1
deep dive,1
hold cash,1
open discussion,1
thought for open discussion,1
BB to the Moon,2
buy and hold AMC,1
discussion of stock market,1
upcoming week,1
trade idea,1
Wallstreetbets,1
$BB to the moon,1
BB to the moon,1
chest,1
background,1
beat in the background,1
yes sir,1
Object Management Group,1
SUNRUN SHORTS,1
position,2
$AMC position update,2
AMC position update,2
position update,2
Shiba inu coin,1
inu coin,1
BobbyPhistHer,1
dip money,2
spare dip money,2
quick DD,2
The Gay Bears,1
dog token,1
case of corona,1
remember retard,1
GLBS,1
strategy,1
personal strategy,1
get in early on AMC,1
hodl to the moon,1
exit,1
probability,1
stock setup,1
PLTR 30c,1
wedge trend,1
teal line,1
channel form,1
absolute prediction,1
babe,1
boggle,1
Intel,2
food,1
dating,1
slut,1
chinese food,1
nut job,1
terms of the bet,1
peoples action,1
play boggle,1
watch a movie,1
NIO LinkedIn,1
$NIO LinkedIn job,1
offer in USA,1
NIO LinkedIn job,1
journey,2
AMC holders from sub,1
AMC holder,1
have a conversation,1
holders from sub,1
Advanced Micro Devices,1
Arm Holdings,1
NVDIA,1
NVIDIA CEO,1
EARNINGS NVIDIA,1
data center business,1
ARM ARM,1
releases of processor,1
Arm customer,1
calculation,1
calculator,1
HP12C,1
forecasting,1
buttons,1
forecasting calculation,1
financial calculator,1
year's HP12C,1
aid in forecasting calculation,1
next year's HP12C,1
mooon 12.50,1
bb to the mooon 12.50,1
Trch Epic,1
half,1
$Trch Epic squeeze,1
gains to $AMC,1
Trch Epic squeeze,1
take half,1
rally,1
miss the rally,1
subdivision,1
AMC shareholder,1
max amount of post c,1
amazing journey,1
subdivision of reddit,1
max amount,1
TRCH EPIC Squeeze,1
$TRCH EPIC Squeeze shorts,1
TRCH EPIC Squeeze shorts,1
buy in by Tuesday,1
ipo,1
YOLO on $AMC,2
JUNETEENTH,1
Holiday,1
fraud,1
NSCC-002,1
smokescreen,1
JUNETEENTH Holiday,1
commit fraud,1
Ada,1
Cardano,1
Cardano Ada,1
WEEK,1
SQUUUUEE,1
do,1
torch epic SQUUUUEE,1
Monday squeeze,1
gains to AMC,1
hold torch,1
short squueze,1
rocket,1
runway,1
buckle up retard,1
be on the runway,1
Hendgefunds,1
amc hodler,1
amc hodler in the wild,1
Hold Time,1
short position,1
AMC buy dip,1
buy dip,1
rant,1
Cuban,1
Titan,1
screw,1
Titan holder rant,1
screw Cuban,1
holder rant,1
Charles,1
affair,1
affair with Charles,1
have an affair,1
Ameritrade,1
user interface,1
TD Ameritrade account,1
Ameritrade account,1
have a TD Ameritrade account,1
upgrade to from Robinhood,1
Daytrader,1
dip people,1
DRAFTKINGS to the Moon,2
buy the dip people,1
money laundering,1
elite,1
money laundering by the elite,1
find money laundering,1
DRAFTKINGS,1
bounce,1
cruise around town,1
root,1
shares through call options,1
move,2
BYC,2
fellow wetard,1
spot a fellow wetard,1
head,1
diamond hands R4,1
block head,1
hands R4,1
invest in BYC,1
positive catalyst,2
HODL strong,1
special merger,1
y'all GME boiis on the moon,1
GME boiis on the moon,1
y'all GME boiis,1
Kong,1
king,1
buying,1
itm call,1
buying itm call,1
Wsb,1
press,1
suppression,1
Google GME,1
thoughts ape,1
short interest at 60,1
Jerome Guillen,1
tesla's ex-president Jerome Guillen,1
offload stock,1
monday green,1
car,2
show,2
car show,2
Seeking Alpha,2
news Seeking Alpha,1
news Seeking Alpha on SunRun Blame,1
make the news Seeking Alpha,1
Seeking Alpha on SunRun Blame,1
Yahoo Search,1
Yahoo finance,1
active stock,1
middle ground,1
WallStreetBets middle ground,1
Wall Street vs WallStreetBets middle ground,1
mom,1
Wallstreet,1
cock,1
time Wallstreet,1
retail cock,1
choke on retail cock,1
GME LAMBO,1
Minneapolis,1
news SUNRUN,2
SUNRUN to the Moon Seeking Alpha,1
news SUNRUN to the Moon,1
Moon Seeking Alpha,1
SUNRUN to the Moon,1
Shorts,2
seek alpha,1
make the news SUNRUN,1
diamond hands baby,1
hands baby,1
news Sunrun,2
make the news,2
BNB,2
Binance,2
BSC,2
amount,2
BNB amount,2
transfer from Binance to BSC,2
transfer from Binance,2
Foodstamps,1
DD YOLO freedom,1
Foodstamps mega meme,1
YOLO freedom,1
mega meme,1
traveler,1
time traveler,1
em,1
RTB,1
em next time,1
get em,1
next time,1
payment,1
PayPal,1
DLO DLocal Limited,1
soldiers nxt PayPal,1
DLO DLocal Limited growth,1
PayPal global payment,1
nxt PayPal,1
global payment,1
AMC to the Moon,1
fudge,1
ALL fudge,1
parabolic n,1
PLZ,1
CLOVER,1
bottom,1
go to the bottom,1
next dog,1
overlord,1
UPST,1
AI overlord,1
Orphazyme stock,1
donation,1
$wish donation,1
$wish donation for kid,1
contracts for Oct 15c,1
wish donation,1
wish donation for kid,1
paradise,1
road,1
road to paradise,1
road to paradise fellow ape,1
paradise fellow ape,1
fellow ape,1
bullish technical pattern,1
technical pattern,1
session,1
Monday's buckle,1
